{
  "hash": "a643c7ef",
  "configHash": "c3a6ce8b",
  "lockfileHash": "3d7b05c2",
  "browserHash": "b7b7d587",
  "optimized": {
    "@angular/cdk/bidi": {
      "src": "../../../../../../node_modules/@angular/cdk/fesm2022/bidi.mjs",
      "file": "@angular_cdk_bidi.js",
      "fileHash": "ac6fd780",
      "needsInterop": false
    },
    "@angular/cdk/collections": {
      "src": "../../../../../../node_modules/@angular/cdk/fesm2022/collections.mjs",
      "file": "@angular_cdk_collections.js",
      "fileHash": "76d0d858",
      "needsInterop": false
    },
    "@angular/cdk/text-field": {
      "src": "../../../../../../node_modules/@angular/cdk/fesm2022/text-field.mjs",
      "file": "@angular_cdk_text-field.js",
      "fileHash": "fb279550",
      "needsInterop": false
    },
    "@angular/common": {
      "src": "../../../../../../node_modules/@angular/common/fesm2022/common.mjs",
      "file": "@angular_common.js",
      "fileHash": "f74a9b0c",
      "needsInterop": false
    },
    "@angular/core": {
      "src": "../../../../../../node_modules/@angular/core/fesm2022/core.mjs",
      "file": "@angular_core.js",
      "fileHash": "e280eb0a",
      "needsInterop": false
    },
    "@angular/forms": {
      "src": "../../../../../../node_modules/@angular/forms/fesm2022/forms.mjs",
      "file": "@angular_forms.js",
      "fileHash": "f6f0aa72",
      "needsInterop": false
    },
    "@angular/material/checkbox": {
      "src": "../../../../../../node_modules/@angular/material/fesm2022/checkbox.mjs",
      "file": "@angular_material_checkbox.js",
      "fileHash": "15460ab7",
      "needsInterop": false
    },
    "@angular/material/form-field": {
      "src": "../../../../../../node_modules/@angular/material/fesm2022/form-field.mjs",
      "file": "@angular_material_form-field.js",
      "fileHash": "ec0a8baf",
      "needsInterop": false
    },
    "@angular/material/input": {
      "src": "../../../../../../node_modules/@angular/material/fesm2022/input.mjs",
      "file": "@angular_material_input.js",
      "fileHash": "68db9a00",
      "needsInterop": false
    },
    "@angular/material/paginator": {
      "src": "../../../../../../node_modules/@angular/material/fesm2022/paginator.mjs",
      "file": "@angular_material_paginator.js",
      "fileHash": "3e702141",
      "needsInterop": false
    },
    "@angular/material/sort": {
      "src": "../../../../../../node_modules/@angular/material/fesm2022/sort.mjs",
      "file": "@angular_material_sort.js",
      "fileHash": "80686f4f",
      "needsInterop": false
    },
    "@angular/material/table": {
      "src": "../../../../../../node_modules/@angular/material/fesm2022/table.mjs",
      "file": "@angular_material_table.js",
      "fileHash": "c7a91a94",
      "needsInterop": false
    },
    "@angular/platform-browser": {
      "src": "../../../../../../node_modules/@angular/platform-browser/fesm2022/platform-browser.mjs",
      "file": "@angular_platform-browser.js",
      "fileHash": "83fc47e7",
      "needsInterop": false
    },
    "@angular/router": {
      "src": "../../../../../../node_modules/@angular/router/fesm2022/router.mjs",
      "file": "@angular_router.js",
      "fileHash": "33ed4376",
      "needsInterop": false
    },
    "ng-qrcode": {
      "src": "../../../../../../node_modules/ng-qrcode/fesm2022/ng-qrcode.mjs",
      "file": "ng-qrcode.js",
      "fileHash": "901f778e",
      "needsInterop": false
    },
    "ngx-scanner-qrcode": {
      "src": "../../../../../../node_modules/ngx-scanner-qrcode/fesm2022/ngx-scanner-qrcode.mjs",
      "file": "ngx-scanner-qrcode.js",
      "fileHash": "5295986e",
      "needsInterop": false
    },
    "zone.js": {
      "src": "../../../../../../node_modules/zone.js/fesm2015/zone.js",
      "file": "zone__js.js",
      "fileHash": "8d66a952",
      "needsInterop": true
    }
  },
  "chunks": {
    "chunk-CSVPGFC3": {
      "file": "chunk-CSVPGFC3.js"
    },
    "chunk-SYWKTXPL": {
      "file": "chunk-SYWKTXPL.js"
    },
    "chunk-7BXVHUO6": {
      "file": "chunk-7BXVHUO6.js"
    },
    "chunk-LQHVKET6": {
      "file": "chunk-LQHVKET6.js"
    },
    "chunk-4GN6EWDC": {
      "file": "chunk-4GN6EWDC.js"
    },
    "chunk-C4PYBPOP": {
      "file": "chunk-C4PYBPOP.js"
    },
    "chunk-PTXCYFQP": {
      "file": "chunk-PTXCYFQP.js"
    },
    "chunk-LJ7T7RXH": {
      "file": "chunk-LJ7T7RXH.js"
    },
    "chunk-FZ2KHNQ4": {
      "file": "chunk-FZ2KHNQ4.js"
    },
    "chunk-XRF2VAF2": {
      "file": "chunk-XRF2VAF2.js"
    },
    "chunk-6IVYHF7V": {
      "file": "chunk-6IVYHF7V.js"
    },
    "chunk-4537E2XT": {
      "file": "chunk-4537E2XT.js"
    },
    "chunk-732JG7I2": {
      "file": "chunk-732JG7I2.js"
    },
    "chunk-HYJ47XNA": {
      "file": "chunk-HYJ47XNA.js"
    },
    "chunk-TXNTTDP6": {
      "file": "chunk-TXNTTDP6.js"
    },
    "chunk-VFI5VQVH": {
      "file": "chunk-VFI5VQVH.js"
    },
    "chunk-JMRWQ34P": {
      "file": "chunk-JMRWQ34P.js"
    },
    "chunk-TXDUYLVM": {
      "file": "chunk-TXDUYLVM.js"
    }
  }
}